<?xml version="1.0"?>

<?xml-stylesheet type="text/xsl" href="html.xsl"?>

<prezentacia xmlns="http://www.w3schools.com" xmlns:xsi="http://www.w3.org/2001/XMLSchema-instance" xsi:schemaLocation="http://www.w3schools.com prezentacia.xsd">
	<metadata>
		<autor>Jakub Janeček</autor>
		<email>janecekk@gmail.com</email>
		<farba-pozadia>#ede8a1</farba-pozadia>
	</metadata>
	<begin>
		<nadpis>DotA 2</nadpis>
	</begin>
	<ToC/>		
	<slide>
		<nadpis>Logo</nadpis>
		<obrazok>
			<popis>Logo hry DotA 2</popis>
			<adresa>obrazky/dota2logo.jpg</adresa>
			<zdroj>https://www.theverge.com/2016/6/14/11930036/apple-news-dota-2-logo</zdroj>
		</obrazok>
	</slide>
	<slide>
		<nadpis>Moba</nadpis>
		<text>
			<paragraf>moba znamená multiplayer online battle arena</paragraf>				
			<paragraf>je to <key>kooperatívna hra, kde hráčí spolupracujú v dvoch týmoch</key></paragraf>
			<paragraf>možu hrať spolu priatelia ale aj neznámi ľudia</paragraf>			
		</text>
	</slide>
	<slide>
		<nadpis>Lore hry a mapa</nadpis>
		<mix>
			<obrazok>
				<popis>Topografia mapy hry</popis>
				<adresa>obrazky/dota2map.jpg</adresa>
				<zdroj>https://www.reddit.com/r/DotA2/comments/5i3ns9/700_dota_2_map_image/</zdroj>	
			</obrazok>
			<text>
				<paragraf>dve entity <key>radiant a dire sú znepriateľené</key></paragraf>
				<paragraf>bežné bytosti boli premenené na creepov</paragraf>
				<paragraf>hrdinovia hľadajúci slávu a prestíž sa zapojili do tohto nekonečného boja</paragraf>
			</text>
		</mix>
	</slide>
	<slide>
		<nadpis>Typy hrdinov</nadpis>
		<text>
			<paragraf><key>hrdinovia sa delia podľa základnej charakteristiky na agility, strength a inteligence</key></paragraf>
			<paragraf>delia sa aj podľa toho, či sú primárne <bold>radiant</bold> alebo <bold>dire</bold></paragraf>
			<paragraf>hrdinovia majú aj rôzne úlohy v hre podľa ich kúziel a vlastností</paragraf>
			<paragraf>rozoznávame hlavne <italic>carry</italic> a <italic>support</italic></paragraf>
			<paragraf>ak sa ale bavíme, <underline>každý hrdina môže byť čím chce</underline></paragraf>			
		</text>
	</slide>
	<slide>
		<nadpis>Príklad príbehu hrdinu - Earthshaker</nadpis>
		<raw-text>
			Like a golem or gargoyle, <bold>Earthshaker</bold> was one with the earth but now walks freely upon it. Unlike those other entities, he created himself through an act of will, and serves no other master. In restless slumbers, encased in a deep seam of stone, he became aware of the life drifting freely above him. <italic>He grew curious.</italic> During a season of tremors, the peaks of Nishai shook themselves loose of avalanches, shifting the course of rivers and turning shallow valleys into bottomless chasms. When the land finally ceased quaking, Earthshaker stepped from the settling dust, tossing aside massive boulders as if throwing off a light blanket. He had shaped himself in the image of a mortal beast, and named himself Raigor Stonehoof. He bleeds now, and breathes, and therefore he can die. But his spirit is still that of the earth; he carries its power in the magical totem that never leaves him. <underline>And on the day he returns to dust, the earth will greet him as a prodigal son.</underline>
		</raw-text>
	</slide>
	<slide>
		<nadpis>Moji obľúbení hrdinovia</nadpis>
		<tabulka cisla="true">
			<popis>
				Hrdinovia, ktorých mám rád
			</popis>
			<riadok>
				<stlpec>
					<bold>Meno hrdinu</bold>
				</stlpec>
				<stlpec>
					<bold>Bežná pozícia</bold>
				</stlpec>
				<stlpec>
					<bold>Hlavný atribút</bold>
				</stlpec>
				<stlpec>
					<bold>Frakcia</bold>
				</stlpec>				
			</riadok>
			<riadok>
				<stlpec>
					Eartshaker
				</stlpec>
				<stlpec>
					support
				</stlpec>
				<stlpec>
					strength
				</stlpec>
				<stlpec>
					radiant
				</stlpec>
			</riadok>
			<riadok>
				<stlpec>
					Kunkka
				</stlpec>
				<stlpec>
					carry
				</stlpec>
				<stlpec>
					strength
				</stlpec>
				<stlpec>
					radiant
				</stlpec>
			</riadok>
			<riadok>
				<stlpec>
					Jakiro
				</stlpec>
				<stlpec>
					support
				</stlpec>
				<stlpec>
					inteligence
				</stlpec>
				<stlpec>
					radiant
				</stlpec>
			</riadok>
		</tabulka>
	</slide>
</prezentacia>
